{
    "Total Groups": 20,
    "Correct Majority Votes": 16,
    "Majority Vote Accuracy": 80.0,
    "Mean Accuracy": 79.16666666666666,
    "Individual Accuracies": [
        0.0,
        55.55555555555556,
        100.0,
        100.0,
        33.33333333333333,
        55.55555555555556,
        100.0,
        100.0,
        38.88888888888889,
        0.0,
        100.0,
        100.0,
        100.0,
        100.0,
        100.0,
        100.0,
        100.0,
        100.0,
        100.0,
        100.0
    ],
    "Majority Votes Per Group": [
        "write the idea down",
        "happy",
        "liked to get home quickly",
        "very upset",
        "help out a friend",
        "a good detective",
        "selfish",
        "learn",
        "give Skylar's son more candy",
        "humorous and fun-loving",
        "get frustrated",
        "ready",
        "make sure Baliey had a better childhood",
        "make out with Jan",
        "Very happy",
        "someone who puts in his all",
        "build a house",
        "would get out and check for any damage to the golf cart",
        "needed to ask Tracy to pose",
        "have some resources"
    ],
    "Confidences": [
        1.0,
        0.5555555555555556,
        1.0,
        1.0,
        0.6666666666666666,
        0.5555555555555556,
        1.0,
        1.0,
        0.6111111111111112,
        1.0,
        1.0,
        1.0,
        1.0,
        1.0,
        1.0,
        1.0,
        1.0,
        1.0,
        1.0,
        1.0
    ]
}