{
    "Total Groups": 20,
    "Correct Majority Votes": 17,
    "Majority Vote Accuracy": 85.0,
    "Mean Accuracy": 81.11111111111111,
    "Individual Accuracies": [
        16.666666666666664,
        66.66666666666666,
        100.0,
        100.0,
        0.0,
        72.22222222222221,
        100.0,
        100.0,
        72.22222222222221,
        0.0,
        100.0,
        100.0,
        100.0,
        94.44444444444444,
        100.0,
        100.0,
        100.0,
        100.0,
        100.0,
        100.0
    ],
    "Majority Votes Per Group": [
        "write the idea down",
        "happy",
        "liked to get home quickly",
        "very upset",
        "get a promotion",
        "a good detective",
        "selfish",
        "learn",
        "be grateful",
        "humorous and fun-loving",
        "get frustrated",
        "ready",
        "make sure Baliey had a better childhood",
        "make out with Jan",
        "Very happy",
        "someone who puts in his all",
        "build a house",
        "would get out and check for any damage to the golf cart",
        "needed to ask Tracy to pose",
        "have some resources"
    ],
    "Confidences": [
        0.8333333333333334,
        0.6666666666666666,
        1.0,
        1.0,
        1.0,
        0.7222222222222222,
        1.0,
        1.0,
        0.7222222222222222,
        1.0,
        1.0,
        1.0,
        1.0,
        0.9444444444444444,
        1.0,
        1.0,
        1.0,
        1.0,
        1.0,
        1.0
    ]
}