{
    "Total Groups": 20,
    "Correct Majority Votes": 14,
    "Majority Vote Accuracy": 70.0,
    "Mean Accuracy": 74.44444444444443,
    "Individual Accuracies": [
        44.44444444444444,
        100.0,
        66.66666666666666,
        100.0,
        5.555555555555555,
        100.0,
        100.0,
        100.0,
        77.77777777777779,
        22.22222222222222,
        100.0,
        0.0,
        88.88888888888889,
        100.0,
        38.88888888888889,
        100.0,
        44.44444444444444,
        100.0,
        100.0,
        100.0
    ],
    "Majority Votes Per Group": [
        "write the idea down",
        "happy",
        "liked to get home quickly",
        "very upset",
        "help out a friend",
        "a good detective",
        "selfish",
        "learn",
        "be grateful",
        "humorous and fun-loving",
        "get frustrated",
        null,
        "make sure Baliey had a better childhood",
        "make out with Jan",
        null,
        "someone who puts in his all",
        null,
        "would get out and check for any damage to the golf cart",
        "needed to ask Tracy to pose",
        "have some resources"
    ],
    "Confidences": [
        0.5555555555555556,
        1.0,
        0.6666666666666666,
        1.0,
        0.7222222222222222,
        1.0,
        1.0,
        1.0,
        0.7777777777777778,
        0.3888888888888889,
        1.0,
        0.8888888888888888,
        0.8888888888888888,
        1.0,
        0.6111111111111112,
        1.0,
        0.5555555555555556,
        1.0,
        1.0,
        1.0
    ]
}