{
    "Total Groups": 20,
    "Correct Majority Votes": 15,
    "Majority Vote Accuracy": 75.0,
    "Mean Accuracy": 69.16666666666667,
    "Individual Accuracies": [
        0.0,
        66.66666666666666,
        100.0,
        94.44444444444444,
        38.88888888888889,
        22.22222222222222,
        44.44444444444444,
        88.88888888888889,
        77.77777777777779,
        11.11111111111111,
        100.0,
        77.77777777777779,
        100.0,
        50.0,
        88.88888888888889,
        100.0,
        77.77777777777779,
        94.44444444444444,
        100.0,
        50.0
    ],
    "Majority Votes Per Group": [
        "write the idea down",
        "happy",
        "liked to get home quickly",
        "very upset",
        "help out a friend",
        "worried",
        "selfish",
        "learn",
        "be grateful",
        "humorous and fun-loving",
        "get frustrated",
        "ready",
        "make sure Baliey had a better childhood",
        "excited",
        "Very happy",
        "someone who puts in his all",
        "build a house",
        "would get out and check for any damage to the golf cart",
        "needed to ask Tracy to pose",
        "have some resources"
    ],
    "Confidences": [
        1.0,
        0.6666666666666666,
        1.0,
        0.9444444444444444,
        0.6111111111111112,
        0.5,
        0.4444444444444444,
        0.8888888888888888,
        0.7777777777777778,
        0.8333333333333334,
        1.0,
        0.7777777777777778,
        1.0,
        0.5,
        0.8888888888888888,
        1.0,
        0.7777777777777778,
        0.9444444444444444,
        1.0,
        0.5
    ]
}