{
    "Total Groups": 20,
    "Correct Majority Votes": 17,
    "Majority Vote Accuracy": 85.0,
    "Mean Accuracy": 72.77777777777777,
    "Individual Accuracies": [
        50.0,
        100.0,
        77.77777777777779,
        100.0,
        0.0,
        100.0,
        100.0,
        100.0,
        66.66666666666666,
        16.666666666666664,
        66.66666666666666,
        0.0,
        100.0,
        88.88888888888889,
        83.33333333333334,
        100.0,
        27.77777777777778,
        83.33333333333334,
        94.44444444444444,
        100.0
    ],
    "Majority Votes Per Group": [
        "remember things",
        "happy",
        "liked to get home quickly",
        "very upset",
        "get a promotion",
        "a good detective",
        "selfish",
        "learn",
        "be grateful",
        "humorous and fun-loving",
        "get frustrated",
        null,
        "make sure Baliey had a better childhood",
        "make out with Jan",
        "Very happy",
        "someone who puts in his all",
        "build a house",
        "would get out and check for any damage to the golf cart",
        "needed to ask Tracy to pose",
        "have some resources"
    ],
    "Confidences": [
        0.5,
        1.0,
        0.7777777777777778,
        1.0,
        0.2777777777777778,
        1.0,
        1.0,
        1.0,
        0.6666666666666666,
        0.4444444444444444,
        0.6666666666666666,
        0,
        1.0,
        0.8888888888888888,
        0.8333333333333334,
        1.0,
        0.2777777777777778,
        0.8333333333333334,
        0.9444444444444444,
        1.0
    ]
}